year,catastrophic_10pct,catastrophic_25pct
2001,3.56,0.09
2001,3.56,0.08
2001,3.56,0.06
2001,5.97,0.09
2001,5.97,0.08
2001,5.97,0.06
2001,5.72,0.09
2001,5.72,0.08
2001,5.72,0.06
2001,6.92,0.09
2001,6.92,0.08
2001,6.92,0.06
2001,7.01,0.09
2001,7.01,0.08
2001,7.01,0.06
2001,5.96,0.09
2001,5.96,0.08
2001,5.96,0.06
2001,6.16,0.09
2001,6.16,0.08
2001,6.16,0.06
2001,5.72,0.09
2001,5.72,0.08
2001,5.72,0.06
2001,5.63,0.09
2001,5.63,0.08
2001,5.63,0.06
2001,6.85,0.09
2001,6.85,0.08
2001,6.85,0.06
2001,6.4,0.09
2001,6.4,0.08
2001,6.4,0.06
2001,6.42,0.09
2001,6.42,0.08
2001,6.42,0.06
2004,4.67,0.06
2004,4.67,0.07
2004,4.67,0.09
2004,3.04,0.06
2004,3.04,0.07
2004,3.04,0.09
2004,4.31,0.06
2004,4.31,0.07
2004,4.31,0.09
2004,3.37,0.06
2004,3.37,0.07
2004,3.37,0.09
2004,3.38,0.06
2004,3.38,0.07
2004,3.38,0.09
2004,4.29,0.06
2004,4.29,0.07
2004,4.29,0.09
2004,2.95,0.06
2004,2.95,0.07
2004,2.95,0.09
2004,2.44,0.06
2004,2.44,0.07
2004,2.44,0.09
2004,3.72,0.06
2004,3.72,0.07
2004,3.72,0.09
2004,3.8,0.06
2004,3.8,0.07
2004,3.8,0.09
2004,3.18,0.06
2004,3.18,0.07
2004,3.18,0.09
2007,2.6,0.04
2007,2.6,0.04
2007,2.6,0.03
2007,2.76,0.04
2007,2.76,0.04
2007,2.76,0.03
2007,3.17,0.04
2007,3.17,0.04
2007,3.17,0.03
2007,3.27,0.04
2007,3.27,0.04
2007,3.27,0.03
2007,3.25,0.04
2007,3.25,0.04
2007,3.25,0.03
2007,2.39,0.04
2007,2.39,0.04
2007,2.39,0.03
2007,1.99,0.04
2007,1.99,0.04
2007,1.99,0.03
2007,1.39,0.04
2007,1.39,0.04
2007,1.39,0.03
2007,3.68,0.04
2007,3.68,0.04
2007,3.68,0.03
2007,2.71,0.04
2007,2.71,0.04
2007,2.71,0.03
2007,3.35,0.04
2007,3.35,0.04
2007,3.35,0.03
2010,3.46,0.49
2010,3.46,0.13
2010,3.46,0.37
2010,3.37,0.49
2010,3.37,0.13
2010,3.37,0.37
2010,3.04,0.49
2010,3.04,0.13
2010,3.04,0.37
2010,2.91,0.49
2010,2.91,0.13
2010,2.91,0.37
2010,3.02,0.49
2010,3.02,0.13
2010,3.02,0.37
2010,5.06,0.49
2010,5.06,0.13
2010,5.06,0.37
2010,2.93,0.49
2010,2.93,0.13
2010,2.93,0.37
2010,3.3,0.49
2010,3.3,0.13
2010,3.3,0.37
2010,3.61,0.49
2010,3.61,0.13
2010,3.61,0.37
2010,3.25,0.49
2010,3.25,0.13
2010,3.25,0.37
2010,2.8,0.49
2010,2.8,0.13
2010,2.8,0.37
2010,1.89,0.49
2010,1.89,0.13
2010,1.89,0.37
2011,3.66,0.58
2011,3.66,0.3
2011,3.66,0.49
2011,3.69,0.58
2011,3.69,0.3
2011,3.69,0.49
2011,4.1,0.58
2011,4.1,0.3
2011,4.1,0.49
2011,3.46,0.58
2011,3.46,0.3
2011,3.46,0.49
2011,4.37,0.58
2011,4.37,0.3
2011,4.37,0.49
2011,2.53,0.58
2011,2.53,0.3
2011,2.53,0.49
2011,4.13,0.58
2011,4.13,0.3
2011,4.13,0.49
2011,4.74,0.58
2011,4.74,0.3
2011,4.74,0.49
2011,4.52,0.58
2011,4.52,0.3
2011,4.52,0.49
2011,4.64,0.58
2011,4.64,0.3
2011,4.64,0.49
2011,4.12,0.58
2011,4.12,0.3
2011,4.12,0.49
2011,3.76,0.58
2011,3.76,0.3
2011,3.76,0.49
2013,3.14,0.64
2013,3.14,0.84
2013,3.14,0.28
2013,5.26,0.64
2013,5.26,0.84
2013,5.26,0.28
2013,6.45,0.64
2013,6.45,0.84
2013,6.45,0.28
2013,6.59,0.64
2013,6.59,0.84
2013,6.59,0.28
2013,7.07,0.64
2013,7.07,0.84
2013,7.07,0.28
2013,6.94,0.64
2013,6.94,0.84
2013,6.94,0.28
2013,14.92,0.64
2013,14.92,0.84
2013,14.92,0.28
2013,6.12,0.64
2013,6.12,0.84
2013,6.12,0.28
2013,5.43,0.64
2013,5.43,0.84
2013,5.43,0.28
2013,7.65,0.64
2013,7.65,0.84
2013,7.65,0.28
2013,10.52,0.64
2013,10.52,0.84
2013,10.52,0.28
2013,5.61,0.64
2013,5.61,0.84
2013,5.61,0.28
2013,4.9,0.64
2013,4.9,0.84
2013,4.9,0.28
2015,5.16,0.5
2015,5.16,0.63
2015,5.16,0.26
2015,12.83,0.5
2015,12.83,0.63
2015,12.83,0.26
2015,5.24,0.5
2015,5.24,0.63
2015,5.24,0.26
2015,4.16,0.5
2015,4.16,0.63
2015,4.16,0.26
2015,3.99,0.5
2015,3.99,0.63
2015,3.99,0.26
2015,4.39,0.5
2015,4.39,0.63
2015,4.39,0.26
2015,3.33,0.5
2015,3.33,0.63
2015,3.33,0.26
2015,4.47,0.5
2015,4.47,0.63
2015,4.47,0.26
2015,5.32,0.5
2015,5.32,0.63
2015,5.32,0.26
2015,5.7,0.5
2015,5.7,0.63
2015,5.7,0.26
2015,5.39,0.5
2015,5.39,0.63
2015,5.39,0.26
2015,2.76,0.5
2015,2.76,0.63
2015,2.76,0.26
2015,7.37,0.5
2015,7.37,0.63
2015,7.37,0.26
2018,4.66,1.13
2018,4.66,0.82
2018,4.66,1.02
2018,5.42,1.13
2018,5.42,0.82
2018,5.42,1.02
2018,7.65,1.13
2018,7.65,0.82
2018,7.65,1.02
2018,5.39,1.13
2018,5.39,0.82
2018,5.39,1.02
2018,4.96,1.13
2018,4.96,0.82
2018,4.96,1.02
2018,5.5,1.13
2018,5.5,0.82
2018,5.5,1.02
2018,3.76,1.13
2018,3.76,0.82
2018,3.76,1.02
2018,19.46,1.13
2018,19.46,0.82
2018,19.46,1.02
2018,6.56,1.13
2018,6.56,0.82
2018,6.56,1.02
2018,6.32,1.13
2018,6.32,0.82
2018,6.32,1.02
2018,7.08,1.13
2018,7.08,0.82
2018,7.08,1.02
2018,6.46,1.13
2018,6.46,0.82
2018,6.46,1.02
2018,5.07,1.13
2018,5.07,0.82
2018,5.07,1.02
